{
	"IcoMoonType": "selection",
	"icons": [
		{
			"icon": {
				"paths": [
					"M792.73 438.426c-20.838 21.402-240.384 230.554-240.384 230.554-11.162 11.418-25.754 17.101-40.346 17.101-14.643 0-29.235-5.683-40.346-17.101 0 0-219.546-209.152-240.435-230.554-20.838-21.402-22.272-59.853 0-82.739 22.323-22.835 53.402-24.627 80.691 0l200.090 191.898 200.038-191.846c27.341-24.627 58.47-22.835 80.691 0 22.323 22.835 20.941 61.338 0 82.688z"
				],
				"tags": [
					"arrow-down",
					"down",
					"bottom"
				],
				"grid": 20
			},
			"properties": {
				"id": 206,
				"order": 1,
				"prevSize": 20,
				"code": 58880,
				"name": "arrow-down",
				"ligatures": ""
			}
		},
		{
			"icon": {
				"paths": [
					"M276.48 716.8h471.040l-235.571-409.6z"
				],
				"tags": [
					"arrow-up",
					"triangle",
					"up",
					"top"
				],
				"grid": 20
			},
			"properties": {
				"id": 203,
				"order": 2,
				"prevSize": 20,
				"code": 58881,
				"name": "arrow-up",
				"ligatures": ""
			}
		},
		{
			"icon": {
				"paths": [
					"M747.52 307.251l-471.040-0.051 235.52 409.6z"
				],
				"tags": [
					"arrow-down",
					"triangle",
					"down",
					"bottom"
				],
				"grid": 20
			},
			"properties": {
				"id": 202,
				"order": 3,
				"prevSize": 20,
				"code": 58882,
				"name": "arrow-down2",
				"ligatures": ""
			}
		},
		{
			"icon": {
				"paths": [
					"M512 61.44l122.266 344.166h328.294l-267.878 202.138 95.744 354.816-278.426-212.685-278.426 212.685 95.744-354.816-267.878-202.138h328.294z"
				],
				"tags": [
					"star",
					"favorite",
					"rate",
					"bookmark"
				],
				"grid": 20
			},
			"properties": {
				"id": 27,
				"order": 4,
				"prevSize": 20,
				"code": 58883,
				"name": "star",
				"ligatures": ""
			}
		},
		{
			"icon": {
				"paths": [
					"M962.56 405.606h-328.346l-122.266-344.166-122.214 344.166h-328.294l267.827 202.138-95.744 354.816 278.426-212.685 278.426 212.685-95.744-354.816 267.93-202.138zM511.949 649.421l-154.214 128.051 63.59-182.374-145.971-117.76 180.275 5.12 56.269-206.848 56.32 206.848 180.275-5.12-145.971 117.76 63.642 182.374-154.214-128.051z"
				],
				"tags": [
					"star",
					"favorite",
					"rate",
					"bookmark"
				],
				"grid": 20
			},
			"properties": {
				"id": 28,
				"order": 5,
				"prevSize": 20,
				"code": 58884,
				"name": "star2",
				"ligatures": ""
			}
		},
		{
			"icon": {
				"paths": [
					"M961.024 527.36l-410.829-411.187c-20.992-21.811-55.347-21.811-76.339 0l-410.88 411.187c-21.043 21.76-13.21 39.629 17.408 39.629h85.658v315.802c0 22.784 0.973 41.421 42.189 41.421h199.424v-316.826h208.64v316.826h209.357c31.437 0 32.307-18.586 32.307-41.421v-315.802h85.606c30.566 0 38.451-17.818 17.459-39.629z"
				],
				"tags": [
					"house",
					"home",
					"building"
				],
				"grid": 20
			},
			"properties": {
				"id": 34,
				"order": 6,
				"prevSize": 20,
				"code": 58885,
				"name": "house",
				"ligatures": ""
			}
		}
	],
	"height": 1024,
	"metadata": {
		"name": "iconFont"
	},
	"preferences": {
		"fontPref": {
			"prefix": "icon-",
			"metadata": {
				"fontFamily": "iconFont"
			},
			"showGlyphs": true,
			"metrics": {
				"emSize": 1024,
				"baseline": 6.25,
				"whitespace": 50
			},
			"resetPoint": 58880,
			"showQuickUse": true,
			"quickUsageToken": false,
			"showMetrics": true,
			"showMetadata": false
		},
		"imagePref": {
			"color": 0,
			"height": 32,
			"columns": 16,
			"margin": 16,
			"png": false,
			"sprites": true
		},
		"historySize": 100,
		"showCodes": true,
		"gridSize": 16,
		"showLiga": false,
		"showGrid": true,
		"showGlyphs": true,
		"showQuickUse": true
	}
}